State,Crop,Crop title,Variety,Year,Unit,Value
Alabama ,Upland cotton,Genetically engineered (GE) upland cotton,All GE varieties,2000,Percent of upland cotton planted,.
Alabama ,Upland cotton,Genetically engineered (GE) upland cotton,All GE varieties,2001,Percent of upland cotton planted,.
Alabama ,Upland cotton,Genetically engineered (GE) upland cotton,All GE varieties,2002,Percent of upland cotton planted,.
Alabama ,Upland cotton,Genetically engineered (GE) upland cotton,All GE varieties,2003,Percent of upland cotton planted,.
Alabama ,Upland cotton,Genetically engineered (GE) upland cotton,All GE varieties,2004,Percent of upland cotton planted,.
Alabama ,Upland cotton,Genetically engineered (GE) upland cotton,All GE varieties,2005,Percent of upland cotton planted,92
Alabama ,Upland cotton,Genetically engineered (GE) upland cotton,All GE varieties,2006,Percent of upland cotton planted,95
Alabama ,Upland cotton,Genetically engineered (GE) upland cotton,All GE varieties,2007,Percent of upland cotton planted,95
Alabama ,Upland cotton,Genetically engineered (GE) upland cotton,All GE varieties,2008,Percent of upland cotton planted,98
Alabama ,Upland cotton,Genetically engineered (GE) upland cotton,All GE varieties,2009,Percent of upland cotton planted,91
Alabama ,Upland cotton,Genetically engineered (GE) upland cotton,All GE varieties,2010,Percent of upland cotton planted,94
Alabama ,Upland cotton,Genetically engineered (GE) upland cotton,All GE varieties,2011,Percent of upland cotton planted,97
Alabama ,Upland cotton,Genetically engineered (GE) upland cotton,All GE varieties,2012,Percent of upland cotton planted,98
Alabama ,Upland cotton,Genetically engineered (GE) upland cotton,All GE varieties,2013,Percent of upland cotton planted,98
Alabama ,Upland cotton,Genetically engineered (GE) upland cotton,All GE varieties,2014,Percent of upland cotton planted,98
Alabama ,Upland cotton,Genetically engineered (GE) upland cotton,All GE varieties,2015,Percent of upland cotton planted,97
Alabama ,Upland cotton,Genetically engineered (GE) upland cotton,All GE varieties,2016,Percent of upland cotton planted,98
Arkansas,Upland cotton,Genetically engineered (GE) upland cotton,All GE varieties,2000,Percent of upland cotton planted,70
Arkansas,Upland cotton,Genetically engineered (GE) upland cotton,All GE varieties,2001,Percent of upland cotton planted,78
Arkansas,Upland cotton,Genetically engineered (GE) upland cotton,All GE varieties,2002,Percent of upland cotton planted,90
Arkansas,Upland cotton,Genetically engineered (GE) upland cotton,All GE varieties,2003,Percent of upland cotton planted,95
Arkansas,Upland cotton,Genetically engineered (GE) upland cotton,All GE varieties,2004,Percent of upland cotton planted,94
Arkansas,Upland cotton,Genetically engineered (GE) upland cotton,All GE varieties,2005,Percent of upland cotton planted,96
Arkansas,Upland cotton,Genetically engineered (GE) upland cotton,All GE varieties,2006,Percent of upland cotton planted,94
Arkansas,Upland cotton,Genetically engineered (GE) upland cotton,All GE varieties,2007,Percent of upland cotton planted,95
Arkansas,Upland cotton,Genetically engineered (GE) upland cotton,All GE varieties,2008,Percent of upland cotton planted,98
Arkansas,Upland cotton,Genetically engineered (GE) upland cotton,All GE varieties,2009,Percent of upland cotton planted,97
Arkansas,Upland cotton,Genetically engineered (GE) upland cotton,All GE varieties,2010,Percent of upland cotton planted,98
Arkansas,Upland cotton,Genetically engineered (GE) upland cotton,All GE varieties,2011,Percent of upland cotton planted,98
Arkansas,Upland cotton,Genetically engineered (GE) upland cotton,All GE varieties,2012,Percent of upland cotton planted,99
Arkansas,Upland cotton,Genetically engineered (GE) upland cotton,All GE varieties,2013,Percent of upland cotton planted,98
Arkansas,Upland cotton,Genetically engineered (GE) upland cotton,All GE varieties,2014,Percent of upland cotton planted,99
Arkansas,Upland cotton,Genetically engineered (GE) upland cotton,All GE varieties,2015,Percent of upland cotton planted,99
Arkansas,Upland cotton,Genetically engineered (GE) upland cotton,All GE varieties,2016,Percent of upland cotton planted,99
California,Upland cotton,Genetically engineered (GE) upland cotton,All GE varieties,2000,Percent of upland cotton planted,24
California,Upland cotton,Genetically engineered (GE) upland cotton,All GE varieties,2001,Percent of upland cotton planted,40
California,Upland cotton,Genetically engineered (GE) upland cotton,All GE varieties,2002,Percent of upland cotton planted,33
California,Upland cotton,Genetically engineered (GE) upland cotton,All GE varieties,2003,Percent of upland cotton planted,39
California,Upland cotton,Genetically engineered (GE) upland cotton,All GE varieties,2004,Percent of upland cotton planted,52
California,Upland cotton,Genetically engineered (GE) upland cotton,All GE varieties,2005,Percent of upland cotton planted,53
California,Upland cotton,Genetically engineered (GE) upland cotton,All GE varieties,2006,Percent of upland cotton planted,57
California,Upland cotton,Genetically engineered (GE) upland cotton,All GE varieties,2007,Percent of upland cotton planted,61
California,Upland cotton,Genetically engineered (GE) upland cotton,All GE varieties,2008,Percent of upland cotton planted,60
California,Upland cotton,Genetically engineered (GE) upland cotton,All GE varieties,2009,Percent of upland cotton planted,73
California,Upland cotton,Genetically engineered (GE) upland cotton,All GE varieties,2010,Percent of upland cotton planted,83
California,Upland cotton,Genetically engineered (GE) upland cotton,All GE varieties,2011,Percent of upland cotton planted,80
California,Upland cotton,Genetically engineered (GE) upland cotton,All GE varieties,2012,Percent of upland cotton planted,80
California,Upland cotton,Genetically engineered (GE) upland cotton,All GE varieties,2013,Percent of upland cotton planted,77
California,Upland cotton,Genetically engineered (GE) upland cotton,All GE varieties,2014,Percent of upland cotton planted,77
California,Upland cotton,Genetically engineered (GE) upland cotton,All GE varieties,2015,Percent of upland cotton planted,71
California,Upland cotton,Genetically engineered (GE) upland cotton,All GE varieties,2016,Percent of upland cotton planted,78
Georgia,Upland cotton,Genetically engineered (GE) upland cotton,All GE varieties,2000,Percent of upland cotton planted,82
Georgia,Upland cotton,Genetically engineered (GE) upland cotton,All GE varieties,2001,Percent of upland cotton planted,85
Georgia,Upland cotton,Genetically engineered (GE) upland cotton,All GE varieties,2002,Percent of upland cotton planted,93
Georgia,Upland cotton,Genetically engineered (GE) upland cotton,All GE varieties,2003,Percent of upland cotton planted,93
Georgia,Upland cotton,Genetically engineered (GE) upland cotton,All GE varieties,2004,Percent of upland cotton planted,94
Georgia,Upland cotton,Genetically engineered (GE) upland cotton,All GE varieties,2005,Percent of upland cotton planted,95
Georgia,Upland cotton,Genetically engineered (GE) upland cotton,All GE varieties,2006,Percent of upland cotton planted,96
Georgia,Upland cotton,Genetically engineered (GE) upland cotton,All GE varieties,2007,Percent of upland cotton planted,95
Georgia,Upland cotton,Genetically engineered (GE) upland cotton,All GE varieties,2008,Percent of upland cotton planted,97
Georgia,Upland cotton,Genetically engineered (GE) upland cotton,All GE varieties,2009,Percent of upland cotton planted,97
Georgia,Upland cotton,Genetically engineered (GE) upland cotton,All GE varieties,2010,Percent of upland cotton planted,97
Georgia,Upland cotton,Genetically engineered (GE) upland cotton,All GE varieties,2011,Percent of upland cotton planted,96
Georgia,Upland cotton,Genetically engineered (GE) upland cotton,All GE varieties,2012,Percent of upland cotton planted,98
Georgia,Upland cotton,Genetically engineered (GE) upland cotton,All GE varieties,2013,Percent of upland cotton planted,98
Georgia,Upland cotton,Genetically engineered (GE) upland cotton,All GE varieties,2014,Percent of upland cotton planted,99
Georgia,Upland cotton,Genetically engineered (GE) upland cotton,All GE varieties,2015,Percent of upland cotton planted,98
Georgia,Upland cotton,Genetically engineered (GE) upland cotton,All GE varieties,2016,Percent of upland cotton planted,99
Louisiana,Upland cotton,Genetically engineered (GE) upland cotton,All GE varieties,2000,Percent of upland cotton planted,80
Louisiana,Upland cotton,Genetically engineered (GE) upland cotton,All GE varieties,2001,Percent of upland cotton planted,91
Louisiana,Upland cotton,Genetically engineered (GE) upland cotton,All GE varieties,2002,Percent of upland cotton planted,85
Louisiana,Upland cotton,Genetically engineered (GE) upland cotton,All GE varieties,2003,Percent of upland cotton planted,91
Louisiana,Upland cotton,Genetically engineered (GE) upland cotton,All GE varieties,2004,Percent of upland cotton planted,93
Louisiana,Upland cotton,Genetically engineered (GE) upland cotton,All GE varieties,2005,Percent of upland cotton planted,95
Louisiana,Upland cotton,Genetically engineered (GE) upland cotton,All GE varieties,2006,Percent of upland cotton planted,94
Louisiana,Upland cotton,Genetically engineered (GE) upland cotton,All GE varieties,2007,Percent of upland cotton planted,96
Louisiana,Upland cotton,Genetically engineered (GE) upland cotton,All GE varieties,2008,Percent of upland cotton planted,98
Louisiana,Upland cotton,Genetically engineered (GE) upland cotton,All GE varieties,2009,Percent of upland cotton planted,93
Louisiana,Upland cotton,Genetically engineered (GE) upland cotton,All GE varieties,2010,Percent of upland cotton planted,95
Louisiana,Upland cotton,Genetically engineered (GE) upland cotton,All GE varieties,2011,Percent of upland cotton planted,97
Louisiana,Upland cotton,Genetically engineered (GE) upland cotton,All GE varieties,2012,Percent of upland cotton planted,97
Louisiana,Upland cotton,Genetically engineered (GE) upland cotton,All GE varieties,2013,Percent of upland cotton planted,98
Louisiana,Upland cotton,Genetically engineered (GE) upland cotton,All GE varieties,2014,Percent of upland cotton planted,99
Louisiana,Upland cotton,Genetically engineered (GE) upland cotton,All GE varieties,2015,Percent of upland cotton planted,99
Louisiana,Upland cotton,Genetically engineered (GE) upland cotton,All GE varieties,2016,Percent of upland cotton planted,98
Mississippi,Upland cotton,Genetically engineered (GE) upland cotton,All GE varieties,2000,Percent of upland cotton planted,78
Mississippi,Upland cotton,Genetically engineered (GE) upland cotton,All GE varieties,2001,Percent of upland cotton planted,86
Mississippi,Upland cotton,Genetically engineered (GE) upland cotton,All GE varieties,2002,Percent of upland cotton planted,88
Mississippi,Upland cotton,Genetically engineered (GE) upland cotton,All GE varieties,2003,Percent of upland cotton planted,92
Mississippi,Upland cotton,Genetically engineered (GE) upland cotton,All GE varieties,2004,Percent of upland cotton planted,97
Mississippi,Upland cotton,Genetically engineered (GE) upland cotton,All GE varieties,2005,Percent of upland cotton planted,96
Mississippi,Upland cotton,Genetically engineered (GE) upland cotton,All GE varieties,2006,Percent of upland cotton planted,98
Mississippi,Upland cotton,Genetically engineered (GE) upland cotton,All GE varieties,2007,Percent of upland cotton planted,97
Mississippi,Upland cotton,Genetically engineered (GE) upland cotton,All GE varieties,2008,Percent of upland cotton planted,98
Mississippi,Upland cotton,Genetically engineered (GE) upland cotton,All GE varieties,2009,Percent of upland cotton planted,93
Mississippi,Upland cotton,Genetically engineered (GE) upland cotton,All GE varieties,2010,Percent of upland cotton planted,89
Mississippi,Upland cotton,Genetically engineered (GE) upland cotton,All GE varieties,2011,Percent of upland cotton planted,98
Mississippi,Upland cotton,Genetically engineered (GE) upland cotton,All GE varieties,2012,Percent of upland cotton planted,98
Mississippi,Upland cotton,Genetically engineered (GE) upland cotton,All GE varieties,2013,Percent of upland cotton planted,99
Mississippi,Upland cotton,Genetically engineered (GE) upland cotton,All GE varieties,2014,Percent of upland cotton planted,99
Mississippi,Upland cotton,Genetically engineered (GE) upland cotton,All GE varieties,2015,Percent of upland cotton planted,99
Mississippi,Upland cotton,Genetically engineered (GE) upland cotton,All GE varieties,2016,Percent of upland cotton planted,99
Missouri 2/,Upland cotton,Genetically engineered (GE) upland cotton,All GE varieties,2000,Percent of upland cotton planted,.
Missouri 2/,Upland cotton,Genetically engineered (GE) upland cotton,All GE varieties,2001,Percent of upland cotton planted,.
Missouri 2/,Upland cotton,Genetically engineered (GE) upland cotton,All GE varieties,2002,Percent of upland cotton planted,.
Missouri 2/,Upland cotton,Genetically engineered (GE) upland cotton,All GE varieties,2003,Percent of upland cotton planted,.
Missouri 2/,Upland cotton,Genetically engineered (GE) upland cotton,All GE varieties,2004,Percent of upland cotton planted,.
Missouri 2/,Upland cotton,Genetically engineered (GE) upland cotton,All GE varieties,2005,Percent of upland cotton planted,95
Missouri 2/,Upland cotton,Genetically engineered (GE) upland cotton,All GE varieties,2006,Percent of upland cotton planted,97
Missouri 2/,Upland cotton,Genetically engineered (GE) upland cotton,All GE varieties,2007,Percent of upland cotton planted,99
Missouri 2/,Upland cotton,Genetically engineered (GE) upland cotton,All GE varieties,2008,Percent of upland cotton planted,99
Missouri 2/,Upland cotton,Genetically engineered (GE) upland cotton,All GE varieties,2009,Percent of upland cotton planted,98
Missouri 2/,Upland cotton,Genetically engineered (GE) upland cotton,All GE varieties,2010,Percent of upland cotton planted,98
Missouri 2/,Upland cotton,Genetically engineered (GE) upland cotton,All GE varieties,2011,Percent of upland cotton planted,98
Missouri 2/,Upland cotton,Genetically engineered (GE) upland cotton,All GE varieties,2012,Percent of upland cotton planted,98
Missouri 2/,Upland cotton,Genetically engineered (GE) upland cotton,All GE varieties,2013,Percent of upland cotton planted,98
Missouri 2/,Upland cotton,Genetically engineered (GE) upland cotton,All GE varieties,2014,Percent of upland cotton planted,96
Missouri 2/,Upland cotton,Genetically engineered (GE) upland cotton,All GE varieties,2015,Percent of upland cotton planted,98
Missouri 2/,Upland cotton,Genetically engineered (GE) upland cotton,All GE varieties,2016,Percent of upland cotton planted,94
North Carolina,Upland cotton,Genetically engineered (GE) upland cotton,All GE varieties,2000,Percent of upland cotton planted,76
North Carolina,Upland cotton,Genetically engineered (GE) upland cotton,All GE varieties,2001,Percent of upland cotton planted,84
North Carolina,Upland cotton,Genetically engineered (GE) upland cotton,All GE varieties,2002,Percent of upland cotton planted,86
North Carolina,Upland cotton,Genetically engineered (GE) upland cotton,All GE varieties,2003,Percent of upland cotton planted,93
North Carolina,Upland cotton,Genetically engineered (GE) upland cotton,All GE varieties,2004,Percent of upland cotton planted,91
North Carolina,Upland cotton,Genetically engineered (GE) upland cotton,All GE varieties,2005,Percent of upland cotton planted,95
North Carolina,Upland cotton,Genetically engineered (GE) upland cotton,All GE varieties,2006,Percent of upland cotton planted,98
North Carolina,Upland cotton,Genetically engineered (GE) upland cotton,All GE varieties,2007,Percent of upland cotton planted,93
North Carolina,Upland cotton,Genetically engineered (GE) upland cotton,All GE varieties,2008,Percent of upland cotton planted,95
North Carolina,Upland cotton,Genetically engineered (GE) upland cotton,All GE varieties,2009,Percent of upland cotton planted,96
North Carolina,Upland cotton,Genetically engineered (GE) upland cotton,All GE varieties,2010,Percent of upland cotton planted,97
North Carolina,Upland cotton,Genetically engineered (GE) upland cotton,All GE varieties,2011,Percent of upland cotton planted,96
North Carolina,Upland cotton,Genetically engineered (GE) upland cotton,All GE varieties,2012,Percent of upland cotton planted,96
North Carolina,Upland cotton,Genetically engineered (GE) upland cotton,All GE varieties,2013,Percent of upland cotton planted,94
North Carolina,Upland cotton,Genetically engineered (GE) upland cotton,All GE varieties,2014,Percent of upland cotton planted,97
North Carolina,Upland cotton,Genetically engineered (GE) upland cotton,All GE varieties,2015,Percent of upland cotton planted,97
North Carolina,Upland cotton,Genetically engineered (GE) upland cotton,All GE varieties,2016,Percent of upland cotton planted,96
Tennessee,Upland cotton,Genetically engineered (GE) upland cotton,All GE varieties,2000,Percent of upland cotton planted,.
Tennessee,Upland cotton,Genetically engineered (GE) upland cotton,All GE varieties,2001,Percent of upland cotton planted,.
Tennessee,Upland cotton,Genetically engineered (GE) upland cotton,All GE varieties,2002,Percent of upland cotton planted,.
Tennessee,Upland cotton,Genetically engineered (GE) upland cotton,All GE varieties,2003,Percent of upland cotton planted,.
Tennessee,Upland cotton,Genetically engineered (GE) upland cotton,All GE varieties,2004,Percent of upland cotton planted,.
Tennessee,Upland cotton,Genetically engineered (GE) upland cotton,All GE varieties,2005,Percent of upland cotton planted,96
Tennessee,Upland cotton,Genetically engineered (GE) upland cotton,All GE varieties,2006,Percent of upland cotton planted,93
Tennessee,Upland cotton,Genetically engineered (GE) upland cotton,All GE varieties,2007,Percent of upland cotton planted,98
Tennessee,Upland cotton,Genetically engineered (GE) upland cotton,All GE varieties,2008,Percent of upland cotton planted,97
Tennessee,Upland cotton,Genetically engineered (GE) upland cotton,All GE varieties,2009,Percent of upland cotton planted,97
Tennessee,Upland cotton,Genetically engineered (GE) upland cotton,All GE varieties,2010,Percent of upland cotton planted,98
Tennessee,Upland cotton,Genetically engineered (GE) upland cotton,All GE varieties,2011,Percent of upland cotton planted,98
Tennessee,Upland cotton,Genetically engineered (GE) upland cotton,All GE varieties,2012,Percent of upland cotton planted,97
Tennessee,Upland cotton,Genetically engineered (GE) upland cotton,All GE varieties,2013,Percent of upland cotton planted,96
Tennessee,Upland cotton,Genetically engineered (GE) upland cotton,All GE varieties,2014,Percent of upland cotton planted,99
Tennessee,Upland cotton,Genetically engineered (GE) upland cotton,All GE varieties,2015,Percent of upland cotton planted,99
Tennessee,Upland cotton,Genetically engineered (GE) upland cotton,All GE varieties,2016,Percent of upland cotton planted,98
Texas,Upland cotton,Genetically engineered (GE) upland cotton,All GE varieties,2000,Percent of upland cotton planted,46
Texas,Upland cotton,Genetically engineered (GE) upland cotton,All GE varieties,2001,Percent of upland cotton planted,49
Texas,Upland cotton,Genetically engineered (GE) upland cotton,All GE varieties,2002,Percent of upland cotton planted,51
Texas,Upland cotton,Genetically engineered (GE) upland cotton,All GE varieties,2003,Percent of upland cotton planted,53
Texas,Upland cotton,Genetically engineered (GE) upland cotton,All GE varieties,2004,Percent of upland cotton planted,58
Texas,Upland cotton,Genetically engineered (GE) upland cotton,All GE varieties,2005,Percent of upland cotton planted,63
Texas,Upland cotton,Genetically engineered (GE) upland cotton,All GE varieties,2006,Percent of upland cotton planted,70
Texas,Upland cotton,Genetically engineered (GE) upland cotton,All GE varieties,2007,Percent of upland cotton planted,80
Texas,Upland cotton,Genetically engineered (GE) upland cotton,All GE varieties,2008,Percent of upland cotton planted,78
Texas,Upland cotton,Genetically engineered (GE) upland cotton,All GE varieties,2009,Percent of upland cotton planted,81
Texas,Upland cotton,Genetically engineered (GE) upland cotton,All GE varieties,2010,Percent of upland cotton planted,91
Texas,Upland cotton,Genetically engineered (GE) upland cotton,All GE varieties,2011,Percent of upland cotton planted,86
Texas,Upland cotton,Genetically engineered (GE) upland cotton,All GE varieties,2012,Percent of upland cotton planted,91
Texas,Upland cotton,Genetically engineered (GE) upland cotton,All GE varieties,2013,Percent of upland cotton planted,85
Texas,Upland cotton,Genetically engineered (GE) upland cotton,All GE varieties,2014,Percent of upland cotton planted,93
Texas,Upland cotton,Genetically engineered (GE) upland cotton,All GE varieties,2015,Percent of upland cotton planted,91
Texas,Upland cotton,Genetically engineered (GE) upland cotton,All GE varieties,2016,Percent of upland cotton planted,90
Arkansas,Soybeans,Genetically engineered (GE) soybeans,All GE varieties,2000,Percent of all soybeans planted,43
Arkansas,Soybeans,Genetically engineered (GE) soybeans,All GE varieties,2001,Percent of all soybeans planted,60
Arkansas,Soybeans,Genetically engineered (GE) soybeans,All GE varieties,2002,Percent of all soybeans planted,68
Arkansas,Soybeans,Genetically engineered (GE) soybeans,All GE varieties,2003,Percent of all soybeans planted,84
Arkansas,Soybeans,Genetically engineered (GE) soybeans,All GE varieties,2004,Percent of all soybeans planted,92
Arkansas,Soybeans,Genetically engineered (GE) soybeans,All GE varieties,2005,Percent of all soybeans planted,92
Arkansas,Soybeans,Genetically engineered (GE) soybeans,All GE varieties,2006,Percent of all soybeans planted,92
Arkansas,Soybeans,Genetically engineered (GE) soybeans,All GE varieties,2007,Percent of all soybeans planted,92
Arkansas,Soybeans,Genetically engineered (GE) soybeans,All GE varieties,2008,Percent of all soybeans planted,94
Arkansas,Soybeans,Genetically engineered (GE) soybeans,All GE varieties,2009,Percent of all soybeans planted,94
Arkansas,Soybeans,Genetically engineered (GE) soybeans,All GE varieties,2010,Percent of all soybeans planted,96
Arkansas,Soybeans,Genetically engineered (GE) soybeans,All GE varieties,2011,Percent of all soybeans planted,95
Arkansas,Soybeans,Genetically engineered (GE) soybeans,All GE varieties,2012,Percent of all soybeans planted,94
Arkansas,Soybeans,Genetically engineered (GE) soybeans,All GE varieties,2013,Percent of all soybeans planted,97
Arkansas,Soybeans,Genetically engineered (GE) soybeans,All GE varieties,2014,Percent of all soybeans planted,99
Arkansas,Soybeans,Genetically engineered (GE) soybeans,All GE varieties,2015,Percent of all soybeans planted,97
Arkansas,Soybeans,Genetically engineered (GE) soybeans,All GE varieties,2016,Percent of all soybeans planted,96
Illinois,Soybeans,Genetically engineered (GE) soybeans,All GE varieties,2000,Percent of all soybeans planted,44
Illinois,Soybeans,Genetically engineered (GE) soybeans,All GE varieties,2001,Percent of all soybeans planted,64
Illinois,Soybeans,Genetically engineered (GE) soybeans,All GE varieties,2002,Percent of all soybeans planted,71
Illinois,Soybeans,Genetically engineered (GE) soybeans,All GE varieties,2003,Percent of all soybeans planted,77
Illinois,Soybeans,Genetically engineered (GE) soybeans,All GE varieties,2004,Percent of all soybeans planted,81
Illinois,Soybeans,Genetically engineered (GE) soybeans,All GE varieties,2005,Percent of all soybeans planted,81
Illinois,Soybeans,Genetically engineered (GE) soybeans,All GE varieties,2006,Percent of all soybeans planted,87
Illinois,Soybeans,Genetically engineered (GE) soybeans,All GE varieties,2007,Percent of all soybeans planted,88
Illinois,Soybeans,Genetically engineered (GE) soybeans,All GE varieties,2008,Percent of all soybeans planted,87
Illinois,Soybeans,Genetically engineered (GE) soybeans,All GE varieties,2009,Percent of all soybeans planted,90
Illinois,Soybeans,Genetically engineered (GE) soybeans,All GE varieties,2010,Percent of all soybeans planted,89
Illinois,Soybeans,Genetically engineered (GE) soybeans,All GE varieties,2011,Percent of all soybeans planted,92
Illinois,Soybeans,Genetically engineered (GE) soybeans,All GE varieties,2012,Percent of all soybeans planted,90
Illinois,Soybeans,Genetically engineered (GE) soybeans,All GE varieties,2013,Percent of all soybeans planted,92
Illinois,Soybeans,Genetically engineered (GE) soybeans,All GE varieties,2014,Percent of all soybeans planted,91
Illinois,Soybeans,Genetically engineered (GE) soybeans,All GE varieties,2015,Percent of all soybeans planted,93
Illinois,Soybeans,Genetically engineered (GE) soybeans,All GE varieties,2016,Percent of all soybeans planted,94
Indiana,Soybeans,Genetically engineered (GE) soybeans,All GE varieties,2000,Percent of all soybeans planted,63
Indiana,Soybeans,Genetically engineered (GE) soybeans,All GE varieties,2001,Percent of all soybeans planted,78
Indiana,Soybeans,Genetically engineered (GE) soybeans,All GE varieties,2002,Percent of all soybeans planted,83
Indiana,Soybeans,Genetically engineered (GE) soybeans,All GE varieties,2003,Percent of all soybeans planted,88
Indiana,Soybeans,Genetically engineered (GE) soybeans,All GE varieties,2004,Percent of all soybeans planted,87
Indiana,Soybeans,Genetically engineered (GE) soybeans,All GE varieties,2005,Percent of all soybeans planted,89
Indiana,Soybeans,Genetically engineered (GE) soybeans,All GE varieties,2006,Percent of all soybeans planted,92
Indiana,Soybeans,Genetically engineered (GE) soybeans,All GE varieties,2007,Percent of all soybeans planted,94
Indiana,Soybeans,Genetically engineered (GE) soybeans,All GE varieties,2008,Percent of all soybeans planted,96
Indiana,Soybeans,Genetically engineered (GE) soybeans,All GE varieties,2009,Percent of all soybeans planted,94
Indiana,Soybeans,Genetically engineered (GE) soybeans,All GE varieties,2010,Percent of all soybeans planted,95
Indiana,Soybeans,Genetically engineered (GE) soybeans,All GE varieties,2011,Percent of all soybeans planted,96
Indiana,Soybeans,Genetically engineered (GE) soybeans,All GE varieties,2012,Percent of all soybeans planted,93
Indiana,Soybeans,Genetically engineered (GE) soybeans,All GE varieties,2013,Percent of all soybeans planted,90
Indiana,Soybeans,Genetically engineered (GE) soybeans,All GE varieties,2014,Percent of all soybeans planted,92
Indiana,Soybeans,Genetically engineered (GE) soybeans,All GE varieties,2015,Percent of all soybeans planted,93
Indiana,Soybeans,Genetically engineered (GE) soybeans,All GE varieties,2016,Percent of all soybeans planted,92
Iowa,Soybeans,Genetically engineered (GE) soybeans,All GE varieties,2000,Percent of all soybeans planted,59
Iowa,Soybeans,Genetically engineered (GE) soybeans,All GE varieties,2001,Percent of all soybeans planted,73
Iowa,Soybeans,Genetically engineered (GE) soybeans,All GE varieties,2002,Percent of all soybeans planted,75
Iowa,Soybeans,Genetically engineered (GE) soybeans,All GE varieties,2003,Percent of all soybeans planted,84
Iowa,Soybeans,Genetically engineered (GE) soybeans,All GE varieties,2004,Percent of all soybeans planted,89
Iowa,Soybeans,Genetically engineered (GE) soybeans,All GE varieties,2005,Percent of all soybeans planted,91
Iowa,Soybeans,Genetically engineered (GE) soybeans,All GE varieties,2006,Percent of all soybeans planted,91
Iowa,Soybeans,Genetically engineered (GE) soybeans,All GE varieties,2007,Percent of all soybeans planted,94
Iowa,Soybeans,Genetically engineered (GE) soybeans,All GE varieties,2008,Percent of all soybeans planted,95
Iowa,Soybeans,Genetically engineered (GE) soybeans,All GE varieties,2009,Percent of all soybeans planted,94
Iowa,Soybeans,Genetically engineered (GE) soybeans,All GE varieties,2010,Percent of all soybeans planted,96
Iowa,Soybeans,Genetically engineered (GE) soybeans,All GE varieties,2011,Percent of all soybeans planted,97
Iowa,Soybeans,Genetically engineered (GE) soybeans,All GE varieties,2012,Percent of all soybeans planted,97
Iowa,Soybeans,Genetically engineered (GE) soybeans,All GE varieties,2013,Percent of all soybeans planted,93
Iowa,Soybeans,Genetically engineered (GE) soybeans,All GE varieties,2014,Percent of all soybeans planted,97
Iowa,Soybeans,Genetically engineered (GE) soybeans,All GE varieties,2015,Percent of all soybeans planted,96
Iowa,Soybeans,Genetically engineered (GE) soybeans,All GE varieties,2016,Percent of all soybeans planted,97
Kansas,Soybeans,Genetically engineered (GE) soybeans,All GE varieties,2000,Percent of all soybeans planted,66
Kansas,Soybeans,Genetically engineered (GE) soybeans,All GE varieties,2001,Percent of all soybeans planted,80
Kansas,Soybeans,Genetically engineered (GE) soybeans,All GE varieties,2002,Percent of all soybeans planted,83
Kansas,Soybeans,Genetically engineered (GE) soybeans,All GE varieties,2003,Percent of all soybeans planted,87
Kansas,Soybeans,Genetically engineered (GE) soybeans,All GE varieties,2004,Percent of all soybeans planted,87
Kansas,Soybeans,Genetically engineered (GE) soybeans,All GE varieties,2005,Percent of all soybeans planted,90
Kansas,Soybeans,Genetically engineered (GE) soybeans,All GE varieties,2006,Percent of all soybeans planted,85
Kansas,Soybeans,Genetically engineered (GE) soybeans,All GE varieties,2007,Percent of all soybeans planted,92
Kansas,Soybeans,Genetically engineered (GE) soybeans,All GE varieties,2008,Percent of all soybeans planted,95
Kansas,Soybeans,Genetically engineered (GE) soybeans,All GE varieties,2009,Percent of all soybeans planted,94
Kansas,Soybeans,Genetically engineered (GE) soybeans,All GE varieties,2010,Percent of all soybeans planted,95
Kansas,Soybeans,Genetically engineered (GE) soybeans,All GE varieties,2011,Percent of all soybeans planted,96
Kansas,Soybeans,Genetically engineered (GE) soybeans,All GE varieties,2012,Percent of all soybeans planted,94
Kansas,Soybeans,Genetically engineered (GE) soybeans,All GE varieties,2013,Percent of all soybeans planted,93
Kansas,Soybeans,Genetically engineered (GE) soybeans,All GE varieties,2014,Percent of all soybeans planted,94
Kansas,Soybeans,Genetically engineered (GE) soybeans,All GE varieties,2015,Percent of all soybeans planted,96
Kansas,Soybeans,Genetically engineered (GE) soybeans,All GE varieties,2016,Percent of all soybeans planted,95
Michigan,Soybeans,Genetically engineered (GE) soybeans,All GE varieties,2000,Percent of all soybeans planted,50
Michigan,Soybeans,Genetically engineered (GE) soybeans,All GE varieties,2001,Percent of all soybeans planted,59
Michigan,Soybeans,Genetically engineered (GE) soybeans,All GE varieties,2002,Percent of all soybeans planted,72
Michigan,Soybeans,Genetically engineered (GE) soybeans,All GE varieties,2003,Percent of all soybeans planted,73
Michigan,Soybeans,Genetically engineered (GE) soybeans,All GE varieties,2004,Percent of all soybeans planted,75
Michigan,Soybeans,Genetically engineered (GE) soybeans,All GE varieties,2005,Percent of all soybeans planted,76
Michigan,Soybeans,Genetically engineered (GE) soybeans,All GE varieties,2006,Percent of all soybeans planted,81
Michigan,Soybeans,Genetically engineered (GE) soybeans,All GE varieties,2007,Percent of all soybeans planted,87
Michigan,Soybeans,Genetically engineered (GE) soybeans,All GE varieties,2008,Percent of all soybeans planted,84
Michigan,Soybeans,Genetically engineered (GE) soybeans,All GE varieties,2009,Percent of all soybeans planted,83
Michigan,Soybeans,Genetically engineered (GE) soybeans,All GE varieties,2010,Percent of all soybeans planted,85
Michigan,Soybeans,Genetically engineered (GE) soybeans,All GE varieties,2011,Percent of all soybeans planted,91
Michigan,Soybeans,Genetically engineered (GE) soybeans,All GE varieties,2012,Percent of all soybeans planted,91
Michigan,Soybeans,Genetically engineered (GE) soybeans,All GE varieties,2013,Percent of all soybeans planted,90
Michigan,Soybeans,Genetically engineered (GE) soybeans,All GE varieties,2014,Percent of all soybeans planted,91
Michigan,Soybeans,Genetically engineered (GE) soybeans,All GE varieties,2015,Percent of all soybeans planted,94
Michigan,Soybeans,Genetically engineered (GE) soybeans,All GE varieties,2016,Percent of all soybeans planted,95
Minnesota,Soybeans,Genetically engineered (GE) soybeans,All GE varieties,2000,Percent of all soybeans planted,46
Minnesota,Soybeans,Genetically engineered (GE) soybeans,All GE varieties,2001,Percent of all soybeans planted,63
Minnesota,Soybeans,Genetically engineered (GE) soybeans,All GE varieties,2002,Percent of all soybeans planted,71
Minnesota,Soybeans,Genetically engineered (GE) soybeans,All GE varieties,2003,Percent of all soybeans planted,79
Minnesota,Soybeans,Genetically engineered (GE) soybeans,All GE varieties,2004,Percent of all soybeans planted,82
Minnesota,Soybeans,Genetically engineered (GE) soybeans,All GE varieties,2005,Percent of all soybeans planted,83
Minnesota,Soybeans,Genetically engineered (GE) soybeans,All GE varieties,2006,Percent of all soybeans planted,88
Minnesota,Soybeans,Genetically engineered (GE) soybeans,All GE varieties,2007,Percent of all soybeans planted,92
Minnesota,Soybeans,Genetically engineered (GE) soybeans,All GE varieties,2008,Percent of all soybeans planted,91
Minnesota,Soybeans,Genetically engineered (GE) soybeans,All GE varieties,2009,Percent of all soybeans planted,92
Minnesota,Soybeans,Genetically engineered (GE) soybeans,All GE varieties,2010,Percent of all soybeans planted,93
Minnesota,Soybeans,Genetically engineered (GE) soybeans,All GE varieties,2011,Percent of all soybeans planted,95
Minnesota,Soybeans,Genetically engineered (GE) soybeans,All GE varieties,2012,Percent of all soybeans planted,91
Minnesota,Soybeans,Genetically engineered (GE) soybeans,All GE varieties,2013,Percent of all soybeans planted,93
Minnesota,Soybeans,Genetically engineered (GE) soybeans,All GE varieties,2014,Percent of all soybeans planted,94
Minnesota,Soybeans,Genetically engineered (GE) soybeans,All GE varieties,2015,Percent of all soybeans planted,95
Minnesota,Soybeans,Genetically engineered (GE) soybeans,All GE varieties,2016,Percent of all soybeans planted,96
Mississippi,Soybeans,Genetically engineered (GE) soybeans,All GE varieties,2000,Percent of all soybeans planted,48
Mississippi,Soybeans,Genetically engineered (GE) soybeans,All GE varieties,2001,Percent of all soybeans planted,63
Mississippi,Soybeans,Genetically engineered (GE) soybeans,All GE varieties,2002,Percent of all soybeans planted,80
Mississippi,Soybeans,Genetically engineered (GE) soybeans,All GE varieties,2003,Percent of all soybeans planted,89
Mississippi,Soybeans,Genetically engineered (GE) soybeans,All GE varieties,2004,Percent of all soybeans planted,93
Mississippi,Soybeans,Genetically engineered (GE) soybeans,All GE varieties,2005,Percent of all soybeans planted,96
Mississippi,Soybeans,Genetically engineered (GE) soybeans,All GE varieties,2006,Percent of all soybeans planted,96
Mississippi,Soybeans,Genetically engineered (GE) soybeans,All GE varieties,2007,Percent of all soybeans planted,96
Mississippi,Soybeans,Genetically engineered (GE) soybeans,All GE varieties,2008,Percent of all soybeans planted,97
Mississippi,Soybeans,Genetically engineered (GE) soybeans,All GE varieties,2009,Percent of all soybeans planted,94
Mississippi,Soybeans,Genetically engineered (GE) soybeans,All GE varieties,2010,Percent of all soybeans planted,98
Mississippi,Soybeans,Genetically engineered (GE) soybeans,All GE varieties,2011,Percent of all soybeans planted,98
Mississippi,Soybeans,Genetically engineered (GE) soybeans,All GE varieties,2012,Percent of all soybeans planted,95
Mississippi,Soybeans,Genetically engineered (GE) soybeans,All GE varieties,2013,Percent of all soybeans planted,98
Mississippi,Soybeans,Genetically engineered (GE) soybeans,All GE varieties,2014,Percent of all soybeans planted,99
Mississippi,Soybeans,Genetically engineered (GE) soybeans,All GE varieties,2015,Percent of all soybeans planted,99
Mississippi,Soybeans,Genetically engineered (GE) soybeans,All GE varieties,2016,Percent of all soybeans planted,99
Missouri,Soybeans,Genetically engineered (GE) soybeans,All GE varieties,2000,Percent of all soybeans planted,62
Missouri,Soybeans,Genetically engineered (GE) soybeans,All GE varieties,2001,Percent of all soybeans planted,69
Missouri,Soybeans,Genetically engineered (GE) soybeans,All GE varieties,2002,Percent of all soybeans planted,72
Missouri,Soybeans,Genetically engineered (GE) soybeans,All GE varieties,2003,Percent of all soybeans planted,83
Missouri,Soybeans,Genetically engineered (GE) soybeans,All GE varieties,2004,Percent of all soybeans planted,87
Missouri,Soybeans,Genetically engineered (GE) soybeans,All GE varieties,2005,Percent of all soybeans planted,89
Missouri,Soybeans,Genetically engineered (GE) soybeans,All GE varieties,2006,Percent of all soybeans planted,93
Missouri,Soybeans,Genetically engineered (GE) soybeans,All GE varieties,2007,Percent of all soybeans planted,91
Missouri,Soybeans,Genetically engineered (GE) soybeans,All GE varieties,2008,Percent of all soybeans planted,92
Missouri,Soybeans,Genetically engineered (GE) soybeans,All GE varieties,2009,Percent of all soybeans planted,89
Missouri,Soybeans,Genetically engineered (GE) soybeans,All GE varieties,2010,Percent of all soybeans planted,94
Missouri,Soybeans,Genetically engineered (GE) soybeans,All GE varieties,2011,Percent of all soybeans planted,91
Missouri,Soybeans,Genetically engineered (GE) soybeans,All GE varieties,2012,Percent of all soybeans planted,91
Missouri,Soybeans,Genetically engineered (GE) soybeans,All GE varieties,2013,Percent of all soybeans planted,90
Missouri,Soybeans,Genetically engineered (GE) soybeans,All GE varieties,2014,Percent of all soybeans planted,91
Missouri,Soybeans,Genetically engineered (GE) soybeans,All GE varieties,2015,Percent of all soybeans planted,87
Missouri,Soybeans,Genetically engineered (GE) soybeans,All GE varieties,2016,Percent of all soybeans planted,89
Nebraska,Soybeans,Genetically engineered (GE) soybeans,All GE varieties,2000,Percent of all soybeans planted,72
Nebraska,Soybeans,Genetically engineered (GE) soybeans,All GE varieties,2001,Percent of all soybeans planted,76
Nebraska,Soybeans,Genetically engineered (GE) soybeans,All GE varieties,2002,Percent of all soybeans planted,85
Nebraska,Soybeans,Genetically engineered (GE) soybeans,All GE varieties,2003,Percent of all soybeans planted,86
Nebraska,Soybeans,Genetically engineered (GE) soybeans,All GE varieties,2004,Percent of all soybeans planted,92
Nebraska,Soybeans,Genetically engineered (GE) soybeans,All GE varieties,2005,Percent of all soybeans planted,91
Nebraska,Soybeans,Genetically engineered (GE) soybeans,All GE varieties,2006,Percent of all soybeans planted,90
Nebraska,Soybeans,Genetically engineered (GE) soybeans,All GE varieties,2007,Percent of all soybeans planted,96
Nebraska,Soybeans,Genetically engineered (GE) soybeans,All GE varieties,2008,Percent of all soybeans planted,97
Nebraska,Soybeans,Genetically engineered (GE) soybeans,All GE varieties,2009,Percent of all soybeans planted,96
Nebraska,Soybeans,Genetically engineered (GE) soybeans,All GE varieties,2010,Percent of all soybeans planted,94
Nebraska,Soybeans,Genetically engineered (GE) soybeans,All GE varieties,2011,Percent of all soybeans planted,97
Nebraska,Soybeans,Genetically engineered (GE) soybeans,All GE varieties,2012,Percent of all soybeans planted,95
Nebraska,Soybeans,Genetically engineered (GE) soybeans,All GE varieties,2013,Percent of all soybeans planted,96
Nebraska,Soybeans,Genetically engineered (GE) soybeans,All GE varieties,2014,Percent of all soybeans planted,95
Nebraska,Soybeans,Genetically engineered (GE) soybeans,All GE varieties,2015,Percent of all soybeans planted,95
Nebraska,Soybeans,Genetically engineered (GE) soybeans,All GE varieties,2016,Percent of all soybeans planted,96
North Dakota,Soybeans,Genetically engineered (GE) soybeans,All GE varieties,2000,Percent of all soybeans planted,22
North Dakota,Soybeans,Genetically engineered (GE) soybeans,All GE varieties,2001,Percent of all soybeans planted,49
North Dakota,Soybeans,Genetically engineered (GE) soybeans,All GE varieties,2002,Percent of all soybeans planted,61
North Dakota,Soybeans,Genetically engineered (GE) soybeans,All GE varieties,2003,Percent of all soybeans planted,74
North Dakota,Soybeans,Genetically engineered (GE) soybeans,All GE varieties,2004,Percent of all soybeans planted,82
North Dakota,Soybeans,Genetically engineered (GE) soybeans,All GE varieties,2005,Percent of all soybeans planted,89
North Dakota,Soybeans,Genetically engineered (GE) soybeans,All GE varieties,2006,Percent of all soybeans planted,90
North Dakota,Soybeans,Genetically engineered (GE) soybeans,All GE varieties,2007,Percent of all soybeans planted,92
North Dakota,Soybeans,Genetically engineered (GE) soybeans,All GE varieties,2008,Percent of all soybeans planted,94
North Dakota,Soybeans,Genetically engineered (GE) soybeans,All GE varieties,2009,Percent of all soybeans planted,94
North Dakota,Soybeans,Genetically engineered (GE) soybeans,All GE varieties,2010,Percent of all soybeans planted,94
North Dakota,Soybeans,Genetically engineered (GE) soybeans,All GE varieties,2011,Percent of all soybeans planted,94
North Dakota,Soybeans,Genetically engineered (GE) soybeans,All GE varieties,2012,Percent of all soybeans planted,98
North Dakota,Soybeans,Genetically engineered (GE) soybeans,All GE varieties,2013,Percent of all soybeans planted,94
North Dakota,Soybeans,Genetically engineered (GE) soybeans,All GE varieties,2014,Percent of all soybeans planted,96
North Dakota,Soybeans,Genetically engineered (GE) soybeans,All GE varieties,2015,Percent of all soybeans planted,94
North Dakota,Soybeans,Genetically engineered (GE) soybeans,All GE varieties,2016,Percent of all soybeans planted,95
Ohio,Soybeans,Genetically engineered (GE) soybeans,All GE varieties,2000,Percent of all soybeans planted,48
Ohio,Soybeans,Genetically engineered (GE) soybeans,All GE varieties,2001,Percent of all soybeans planted,64
Ohio,Soybeans,Genetically engineered (GE) soybeans,All GE varieties,2002,Percent of all soybeans planted,73
Ohio,Soybeans,Genetically engineered (GE) soybeans,All GE varieties,2003,Percent of all soybeans planted,74
Ohio,Soybeans,Genetically engineered (GE) soybeans,All GE varieties,2004,Percent of all soybeans planted,76
Ohio,Soybeans,Genetically engineered (GE) soybeans,All GE varieties,2005,Percent of all soybeans planted,77
Ohio,Soybeans,Genetically engineered (GE) soybeans,All GE varieties,2006,Percent of all soybeans planted,82
Ohio,Soybeans,Genetically engineered (GE) soybeans,All GE varieties,2007,Percent of all soybeans planted,87
Ohio,Soybeans,Genetically engineered (GE) soybeans,All GE varieties,2008,Percent of all soybeans planted,89
Ohio,Soybeans,Genetically engineered (GE) soybeans,All GE varieties,2009,Percent of all soybeans planted,83
Ohio,Soybeans,Genetically engineered (GE) soybeans,All GE varieties,2010,Percent of all soybeans planted,86
Ohio,Soybeans,Genetically engineered (GE) soybeans,All GE varieties,2011,Percent of all soybeans planted,85
Ohio,Soybeans,Genetically engineered (GE) soybeans,All GE varieties,2012,Percent of all soybeans planted,86
Ohio,Soybeans,Genetically engineered (GE) soybeans,All GE varieties,2013,Percent of all soybeans planted,89
Ohio,Soybeans,Genetically engineered (GE) soybeans,All GE varieties,2014,Percent of all soybeans planted,90
Ohio,Soybeans,Genetically engineered (GE) soybeans,All GE varieties,2015,Percent of all soybeans planted,91
Ohio,Soybeans,Genetically engineered (GE) soybeans,All GE varieties,2016,Percent of all soybeans planted,91
South Dakota,Soybeans,Genetically engineered (GE) soybeans,All GE varieties,2000,Percent of all soybeans planted,68
South Dakota,Soybeans,Genetically engineered (GE) soybeans,All GE varieties,2001,Percent of all soybeans planted,80
South Dakota,Soybeans,Genetically engineered (GE) soybeans,All GE varieties,2002,Percent of all soybeans planted,89
South Dakota,Soybeans,Genetically engineered (GE) soybeans,All GE varieties,2003,Percent of all soybeans planted,84
South Dakota,Soybeans,Genetically engineered (GE) soybeans,All GE varieties,2004,Percent of all soybeans planted,95
South Dakota,Soybeans,Genetically engineered (GE) soybeans,All GE varieties,2005,Percent of all soybeans planted,95
South Dakota,Soybeans,Genetically engineered (GE) soybeans,All GE varieties,2006,Percent of all soybeans planted,93
South Dakota,Soybeans,Genetically engineered (GE) soybeans,All GE varieties,2007,Percent of all soybeans planted,97
South Dakota,Soybeans,Genetically engineered (GE) soybeans,All GE varieties,2008,Percent of all soybeans planted,97
South Dakota,Soybeans,Genetically engineered (GE) soybeans,All GE varieties,2009,Percent of all soybeans planted,98
South Dakota,Soybeans,Genetically engineered (GE) soybeans,All GE varieties,2010,Percent of all soybeans planted,98
South Dakota,Soybeans,Genetically engineered (GE) soybeans,All GE varieties,2011,Percent of all soybeans planted,98
South Dakota,Soybeans,Genetically engineered (GE) soybeans,All GE varieties,2012,Percent of all soybeans planted,98
South Dakota,Soybeans,Genetically engineered (GE) soybeans,All GE varieties,2013,Percent of all soybeans planted,97
South Dakota,Soybeans,Genetically engineered (GE) soybeans,All GE varieties,2014,Percent of all soybeans planted,97
South Dakota,Soybeans,Genetically engineered (GE) soybeans,All GE varieties,2015,Percent of all soybeans planted,96
South Dakota,Soybeans,Genetically engineered (GE) soybeans,All GE varieties,2016,Percent of all soybeans planted,96
Wisconsin,Soybeans,Genetically engineered (GE) soybeans,All GE varieties,2000,Percent of all soybeans planted,51
Wisconsin,Soybeans,Genetically engineered (GE) soybeans,All GE varieties,2001,Percent of all soybeans planted,63
Wisconsin,Soybeans,Genetically engineered (GE) soybeans,All GE varieties,2002,Percent of all soybeans planted,78
Wisconsin,Soybeans,Genetically engineered (GE) soybeans,All GE varieties,2003,Percent of all soybeans planted,84
Wisconsin,Soybeans,Genetically engineered (GE) soybeans,All GE varieties,2004,Percent of all soybeans planted,82
Wisconsin,Soybeans,Genetically engineered (GE) soybeans,All GE varieties,2005,Percent of all soybeans planted,84
Wisconsin,Soybeans,Genetically engineered (GE) soybeans,All GE varieties,2006,Percent of all soybeans planted,85
Wisconsin,Soybeans,Genetically engineered (GE) soybeans,All GE varieties,2007,Percent of all soybeans planted,88
Wisconsin,Soybeans,Genetically engineered (GE) soybeans,All GE varieties,2008,Percent of all soybeans planted,90
Wisconsin,Soybeans,Genetically engineered (GE) soybeans,All GE varieties,2009,Percent of all soybeans planted,85
Wisconsin,Soybeans,Genetically engineered (GE) soybeans,All GE varieties,2010,Percent of all soybeans planted,88
Wisconsin,Soybeans,Genetically engineered (GE) soybeans,All GE varieties,2011,Percent of all soybeans planted,91
Wisconsin,Soybeans,Genetically engineered (GE) soybeans,All GE varieties,2012,Percent of all soybeans planted,92
Wisconsin,Soybeans,Genetically engineered (GE) soybeans,All GE varieties,2013,Percent of all soybeans planted,89
Wisconsin,Soybeans,Genetically engineered (GE) soybeans,All GE varieties,2014,Percent of all soybeans planted,95
Wisconsin,Soybeans,Genetically engineered (GE) soybeans,All GE varieties,2015,Percent of all soybeans planted,93
Wisconsin,Soybeans,Genetically engineered (GE) soybeans,All GE varieties,2016,Percent of all soybeans planted,94
